<?xml version="1.0" encoding="UTF-8"?>
<bank>
    <account account-number="A-101" branch-name="Downtown" balance="500"/>
    <account account-number="A-102" branch-name="Perryridge" balance="400"/>
    <account account-number="A-201" branch-name="Brighton" balance="900"/>
    <customer customer-name="Johnson" customer-street="Alma" customer-city="Palo Alto"/>
    <customer customer-name="Hayes" customer-street="Main" customer-city="Harrison"/>
    <depositor account-number="A-101" customer-name="Johnson"/>
    <depositor account-number="A-201" customer-name="Johnson"/>
    <depositor account-number="A-102" customer-name="Hayes"/>
</bank>